date,source,medium,campaign,cost,impressions,clicks,users,revenue,conversion_rate,bounce_rate,time_on_site,device_type,browser,satisfaction_score,feedback_score
2021-05-20,referral,organic,direct,71.85,6571,2871,2,957.34,8,18,341,Mobile,Chrome,2,5
2023-01-22,enterprisemarketingportal,paid,direct,37.84,623,2674,388,479.11,25,15,70,Mobile,Safari,3,5
2022-03-19,enterprisemarketingportal,referral,referral,57.52,2424,6006,176,91.93,7,6,102,Mobile,Safari,3,4
2021-04-30,enterprisemarketingportal,none,organic,33.14,7804,3449,650,847.75,16,8,409,Mobile,Firefox,4,5
2022-04-18,enterprisemarketingportal,paid,chrome_launch_switch,52.17,5417,795,986,73.5,12,20,217,Desktop,Chrome,1,4
2021-12-08,referral,referral,organic,4.1,1780,8196,34,401.19,13,6,366,Desktop,Safari,4,3
2023-12-30,brightedge,referral,direct,25.45,47,5946,885,216.16,12,25,333,Desktop,Firefox,1,4
2023-03-15,brightedge,none,organic,27.75,9219,2173,878,568.93,18,17,314,Mobile,Firefox,1,5
2021-05-08,brightedge,none,chrome_launch_switch,81.21,3947,8133,249,861.43,10,14,318,Mobile,Firefox,3,4
2023-04-22,referral,referral,direct,26.05,8674,1818,405,551.06,27,13,206,Mobile,Firefox,2,5
2023-09-03,brightedge,none,direct,15.37,182,3396,197,385.07,21,13,42,Desktop,Firefox,3,4
2021-04-18,brightedge,referral,chrome_launch_switch,39.58,5967,7686,275,387.05,18,19,220,Desktop,Chrome,5,3
2023-09-04,referral,paid,referral,71.72,7466,113,266,83.51,3,17,219,Mobile,Chrome,1,4
2022-12-21,brightedge,paid,organic,70.37,671,7097,915,523.83,16,16,300,Mobile,Firefox,5,5
2022-09-18,brightedge,paid,referral,3.14,500,655,635,756.93,14,9,450,Desktop,Firefox,1,5
2023-10-20,google,paid,chrome_launch_switch,79.31,4538,4328,832,739.05,6,7,324,Mobile,Safari,3,5
2021-10-17,brightedge,organic,chrome_launch_switch,7.3,4596,8447,652,258.44,25,12,63,Desktop,Firefox,1,4
2022-10-13,referral,referral,referral,64.72,5883,3378,394,85.11,16,18,167,Desktop,Chrome,2,3
2022-05-02,brightedge,none,referral,73.72,3730,663,292,404.82,6,17,77,Mobile,Safari,3,4
2023-03-10,referral,referral,chrome_launch_switch,80.58,641,2856,36,568.85,3,7,359,Desktop,Firefox,5,5
2023-07-30,referral,organic,chrome_launch_switch,24.86,162,6132,412,701.28,16,18,364,Mobile,Safari,5,3
2021-09-17,brightedge,none,referral,23.84,9267,2476,717,576.77,9,10,98,Desktop,Chrome,3,4
2021-04-03,enterprisemarketingportal,referral,referral,16.0,2007,7454,998,182.81,9,15,456,Mobile,Chrome,1,4
2023-11-09,brightedge,none,direct,94.32,8392,5535,133,128.29,3,22,477,Desktop,Firefox,2,5
2021-12-30,google,paid,referral,66.21,2621,5304,807,2.05,13,13,93,Mobile,Safari,3,4
2021-12-31,brightedge,organic,direct,29.06,8091,8933,1000,295.58,18,12,227,Desktop,Safari,4,3
2022-11-04,referral,organic,direct,93.33,4754,2265,663,708.91,7,17,313,Mobile,Firefox,5,5
2023-05-28,google,referral,direct,65.29,2680,4254,39,899.61,16,13,335,Desktop,Safari,3,4
2021-02-07,referral,none,chrome_launch_switch,90.36,8944,7719,873,593.5,17,21,304,Desktop,Chrome,3,5
2022-04-20,referral,none,organic,28.55,846,670,487,282.92,1,5,335,Mobile,Safari,3,3
2022-05-09,google,organic,direct,39.5,2812,5485,661,120.54,11,24,435,Mobile,Firefox,5,5
2022-02-26,enterprisemarketingportal,organic,chrome_launch_switch,3.55,199,3545,773,305.65,30,11,248,Desktop,Chrome,4,5
2022-06-19,enterprisemarketingportal,referral,direct,41.16,4529,6416,491,48.51,13,7,81,Desktop,Firefox,2,5
2023-07-30,enterprisemarketingportal,referral,referral,2.08,6169,8668,947,760.45,28,9,438,Desktop,Chrome,2,5
2021-08-08,referral,none,organic,20.47,9479,219,771,493.49,16,24,416,Desktop,Chrome,1,3
2022-09-26,enterprisemarketingportal,referral,referral,26.66,4609,418,790,167.62,15,9,401,Mobile,Firefox,2,3
2021-12-02,brightedge,referral,chrome_launch_switch,22.33,4559,5282,320,375.7,4,11,325,Desktop,Chrome,5,5
2022-06-02,brightedge,paid,direct,3.24,7273,1116,675,858.68,13,8,274,Mobile,Chrome,5,5
2022-06-11,enterprisemarketingportal,none,referral,62.12,3340,6135,134,139.96,5,22,321,Mobile,Safari,5,4
2021-07-06,referral,referral,direct,38.45,4633,2538,167,689.46,5,16,311,Desktop,Firefox,4,4
2023-09-28,enterprisemarketingportal,paid,direct,45.5,8734,7059,762,423.92,20,19,287,Mobile,Safari,2,3
2023-09-12,enterprisemarketingportal,paid,organic,13.81,8920,5045,50,356.36,4,10,96,Desktop,Chrome,5,4
2023-09-19,referral,paid,chrome_launch_switch,12.02,3022,4826,677,950.16,9,17,266,Desktop,Firefox,3,4
2023-11-22,google,none,organic,35.54,4737,4790,574,820.61,5,24,30,Desktop,Chrome,3,5
2023-06-06,brightedge,referral,direct,3.36,4503,965,201,12.89,11,12,471,Desktop,Safari,3,5
2021-11-19,enterprisemarketingportal,none,referral,35.15,9578,7017,502,357.18,20,7,453,Mobile,Chrome,3,3
2022-02-12,enterprisemarketingportal,none,chrome_launch_switch,63.92,1081,6036,994,188.98,5,9,430,Desktop,Chrome,5,4
2021-07-21,google,paid,referral,43.84,6331,2368,330,739.14,22,8,106,Mobile,Safari,1,3
2021-12-10,google,organic,direct,70.16,9349,4925,23,870.23,20,5,450,Desktop,Chrome,2,4
2022-01-08,google,none,referral,26.51,4593,5942,394,591.61,25,10,60,Mobile,Safari,1,4
2021-04-27,enterprisemarketingportal,organic,direct,46.76,3284,7316,231,779.9,22,24,176,Mobile,Chrome,4,5
2023-03-16,referral,organic,organic,44.3,156,6628,416,889.61,8,12,193,Desktop,Firefox,3,4
2023-11-10,enterprisemarketingportal,referral,referral,18.71,6879,7945,924,257.37,20,17,44,Mobile,Safari,3,4
2022-03-12,enterprisemarketingportal,organic,direct,96.39,6534,4078,454,549.19,4,21,328,Mobile,Safari,4,4
2021-12-16,brightedge,referral,direct,34.16,3396,7857,951,62.37,18,15,110,Mobile,Firefox,1,3
2022-03-03,referral,paid,direct,63.91,8592,8565,530,381.17,12,15,310,Desktop,Firefox,2,5
2023-12-17,google,paid,direct,67.46,8739,2348,426,179.94,22,17,173,Mobile,Firefox,5,4
2022-08-11,brightedge,paid,direct,35.97,9918,2098,24,563.2,4,7,465,Desktop,Safari,5,3
2021-02-18,brightedge,organic,direct,86.65,4036,2436,687,450.56,24,5,163,Mobile,Firefox,1,5
2021-01-30,google,organic,referral,11.32,4692,8665,943,439.04,29,11,393,Mobile,Chrome,2,3
2024-01-01,referral,none,referral,79.39,511,6898,890,744.68,27,14,59,Mobile,Safari,5,3
2023-05-29,enterprisemarketingportal,organic,chrome_launch_switch,78.3,6731,91,133,703.61,17,25,105,Desktop,Safari,2,4
2022-04-11,google,none,organic,98.03,9414,7149,383,279.52,15,23,174,Desktop,Safari,4,3
2022-02-02,referral,referral,chrome_launch_switch,88.23,7113,8627,162,565.42,2,17,234,Mobile,Firefox,2,3
2022-10-09,google,none,direct,56.44,3290,916,260,889.11,6,8,438,Desktop,Chrome,1,4
2021-05-22,enterprisemarketingportal,paid,referral,77.01,7379,7874,709,701.24,11,5,279,Desktop,Safari,2,4
2023-05-28,brightedge,organic,chrome_launch_switch,75.7,8400,6310,777,512.91,22,19,231,Mobile,Safari,5,5
2022-08-14,enterprisemarketingportal,none,chrome_launch_switch,75.52,8349,961,126,575.81,21,12,390,Desktop,Safari,1,3
2022-07-04,referral,organic,referral,46.29,4903,2606,297,90.59,7,19,291,Mobile,Chrome,2,5
2021-10-14,enterprisemarketingportal,none,organic,38.63,5511,4850,775,106.36,18,25,89,Desktop,Chrome,3,3
2023-01-31,referral,none,referral,87.98,5598,7801,542,832.97,24,6,348,Mobile,Firefox,3,3
2021-03-07,enterprisemarketingportal,none,referral,23.8,5891,1214,266,178.1,5,20,225,Desktop,Firefox,2,4
2021-03-09,enterprisemarketingportal,paid,direct,11.78,6682,3639,361,638.55,11,5,421,Desktop,Chrome,5,5
2022-08-11,brightedge,organic,direct,85.07,837,5746,356,244.23,20,17,110,Mobile,Firefox,2,4
2021-04-03,enterprisemarketingportal,organic,direct,65.94,5684,2446,446,923.56,11,19,318,Mobile,Firefox,5,4
2021-08-07,enterprisemarketingportal,organic,referral,54.49,5987,2261,423,939.91,28,21,307,Desktop,Safari,4,3
2021-09-08,google,organic,organic,66.85,1591,5008,436,454.19,26,22,275,Desktop,Safari,4,3
2021-04-26,referral,paid,direct,30.02,9912,8376,80,71.04,5,8,109,Desktop,Safari,1,3
2022-10-15,referral,none,chrome_launch_switch,29.42,2342,7874,292,899.95,13,11,305,Desktop,Safari,3,4
2022-06-08,brightedge,referral,organic,72.07,8599,7724,171,943.7,2,11,141,Desktop,Firefox,4,3
2022-04-24,google,paid,organic,39.45,2016,6461,582,692.72,6,10,65,Mobile,Safari,5,3
2022-11-23,referral,referral,direct,36.23,7350,2953,353,937.32,28,13,65,Desktop,Firefox,1,4
2022-03-24,referral,referral,organic,26.2,118,2644,280,255.28,16,20,394,Desktop,Safari,1,5
2022-04-19,google,referral,referral,31.04,5629,5686,553,388.3,27,15,432,Mobile,Firefox,5,3
2021-04-16,google,none,referral,54.93,4350,828,602,641.33,21,7,261,Desktop,Safari,5,4
2021-11-23,enterprisemarketingportal,referral,chrome_launch_switch,72.72,5562,6241,429,313.0,9,7,291,Mobile,Firefox,4,4
2021-09-07,referral,none,direct,39.02,6143,3191,500,521.85,29,14,316,Desktop,Safari,3,3
2021-09-29,referral,none,referral,99.2,6152,7518,104,971.77,26,15,66,Desktop,Firefox,5,5
2023-06-30,referral,paid,organic,85.92,1042,1191,964,397.06,4,12,100,Desktop,Safari,5,3
2022-05-24,brightedge,referral,organic,29.47,5611,7447,91,783.8,28,19,56,Mobile,Firefox,3,5
2023-09-19,brightedge,none,referral,87.94,1262,5772,437,96.63,11,8,337,Desktop,Safari,3,4
2021-04-24,referral,paid,direct,96.46,7519,6474,885,218.34,6,15,90,Mobile,Firefox,1,5
2021-12-07,google,paid,organic,99.02,3809,7570,32,386.33,4,9,448,Mobile,Firefox,3,3
2022-06-12,brightedge,referral,referral,36.74,3485,1915,550,256.27,8,17,274,Desktop,Safari,2,3
2023-06-19,google,paid,organic,52.21,2701,2501,360,412.0,22,17,395,Mobile,Chrome,2,4
2022-07-29,brightedge,none,chrome_launch_switch,25.59,8960,754,449,684.08,25,7,103,Mobile,Safari,4,4
2021-04-21,enterprisemarketingportal,paid,referral,9.56,3666,6199,704,148.23,16,7,283,Desktop,Safari,5,5
2021-05-11,referral,none,chrome_launch_switch,83.53,9716,5212,962,780.63,29,23,331,Mobile,Firefox,2,5
2023-12-21,enterprisemarketingportal,referral,referral,37.98,8981,6006,692,58.63,29,23,239,Desktop,Firefox,5,4
2021-04-27,brightedge,referral,referral,39.22,9691,3153,382,962.29,26,10,143,Mobile,Firefox,4,4
2022-05-06,referral,paid,chrome_launch_switch,41.91,3247,6225,166,477.03,2,14,57,Desktop,Safari,2,3
2023-04-11,brightedge,none,organic,35.71,7339,5486,329,138.15,11,11,98,Desktop,Firefox,5,5
2021-07-22,google,paid,direct,46.46,2051,6896,6,679.13,13,13,432,Mobile,Firefox,5,4
2021-11-07,google,organic,organic,25.14,8137,5992,302,637.91,19,7,179,Desktop,Firefox,1,3
2023-06-04,referral,paid,organic,38.24,1860,4725,836,217.76,20,9,266,Desktop,Chrome,2,5
2022-12-08,brightedge,paid,chrome_launch_switch,95.11,5065,7169,170,901.13,26,13,99,Desktop,Firefox,3,5
2022-09-23,google,paid,chrome_launch_switch,93.96,6982,4148,924,709.52,12,16,115,Mobile,Safari,4,3
2023-05-08,google,none,organic,72.44,4432,7930,759,945.14,12,12,419,Mobile,Safari,5,3
2021-07-20,enterprisemarketingportal,referral,referral,80.53,3572,8115,816,343.53,22,23,109,Mobile,Chrome,4,3
2021-11-29,enterprisemarketingportal,paid,direct,52.98,4000,4670,63,573.43,15,23,319,Desktop,Chrome,2,5
2022-11-23,enterprisemarketingportal,referral,organic,62.14,4748,2418,686,62.99,5,18,332,Desktop,Safari,1,4
2023-03-31,brightedge,referral,referral,18.65,414,4144,450,786.34,21,20,207,Mobile,Chrome,3,5
2021-01-22,referral,none,organic,59.24,7344,3391,292,415.53,19,9,114,Desktop,Safari,2,4
2021-06-26,brightedge,organic,organic,37.87,8125,3334,15,968.39,8,23,221,Mobile,Chrome,4,4
2021-02-25,brightedge,organic,organic,34.58,3088,1790,954,983.62,25,11,170,Desktop,Chrome,4,5
2023-11-09,enterprisemarketingportal,organic,organic,76.18,3505,4677,515,787.07,17,16,364,Desktop,Firefox,4,4
2022-09-06,referral,referral,organic,59.49,3224,6704,582,982.57,21,20,337,Mobile,Chrome,3,4
2022-03-19,referral,organic,organic,87.59,1943,4427,669,409.1,24,24,97,Desktop,Safari,1,4
2024-01-07,referral,organic,chrome_launch_switch,86.02,904,2628,430,619.13,18,25,140,Mobile,Safari,5,5
2023-09-25,referral,referral,referral,52.79,4618,1510,653,314.78,12,16,457,Mobile,Chrome,4,5
2022-09-19,brightedge,organic,chrome_launch_switch,31.27,2006,8830,474,595.17,22,13,141,Mobile,Firefox,1,5
2022-10-20,referral,organic,direct,48.21,4412,5924,36,594.24,6,11,58,Desktop,Safari,4,5
2023-02-23,google,organic,direct,34.95,3711,7393,387,534.57,10,11,376,Desktop,Firefox,5,4
2023-11-16,google,paid,referral,35.52,5982,5307,8,888.9,26,15,458,Mobile,Chrome,4,5
2021-07-13,enterprisemarketingportal,referral,chrome_launch_switch,30.75,8163,2457,399,312.38,8,25,393,Mobile,Chrome,5,3
2024-01-11,enterprisemarketingportal,organic,direct,3.73,2703,4026,452,726.6,8,17,196,Desktop,Chrome,3,5
2022-03-19,brightedge,organic,direct,25.28,4862,68,553,763.99,11,7,460,Mobile,Safari,2,5
2022-07-05,enterprisemarketingportal,organic,organic,74.48,7351,5171,444,334.52,14,19,474,Mobile,Safari,4,3
2023-11-24,enterprisemarketingportal,referral,chrome_launch_switch,88.32,187,5213,893,968.09,10,7,112,Desktop,Firefox,2,3
2022-11-19,brightedge,paid,organic,30.44,4586,63,132,621.78,12,9,99,Desktop,Safari,1,4
2022-05-01,enterprisemarketingportal,paid,chrome_launch_switch,21.27,5549,8209,487,542.67,2,8,468,Mobile,Safari,1,4
2022-10-31,referral,referral,organic,35.98,8320,5786,205,613.35,30,11,316,Desktop,Chrome,3,4
2021-08-10,google,paid,referral,88.99,6641,1549,764,42.54,28,23,479,Mobile,Firefox,2,3
2022-08-19,google,referral,organic,87.07,1176,3083,442,496.8,4,6,147,Desktop,Chrome,3,4
2023-06-06,brightedge,none,referral,6.88,1724,4461,64,867.99,19,15,177,Desktop,Safari,4,3
2022-06-29,google,organic,organic,44.48,3455,1375,765,502.67,6,10,239,Mobile,Chrome,5,3
2023-03-15,enterprisemarketingportal,none,referral,59.24,3812,2089,389,386.73,28,17,196,Desktop,Safari,5,3
2021-05-03,google,organic,organic,6.88,8705,7913,741,286.66,14,23,140,Mobile,Safari,4,4
2023-04-07,referral,referral,direct,15.42,5456,3209,246,516.14,11,11,190,Mobile,Safari,4,5
2022-11-14,referral,referral,organic,58.31,478,928,711,679.73,9,19,241,Mobile,Firefox,2,5
2022-02-03,google,referral,direct,81.19,9506,6680,886,805.5,26,15,204,Mobile,Safari,3,4
2022-10-13,referral,paid,chrome_launch_switch,13.64,4485,5783,303,852.0,25,8,328,Mobile,Chrome,3,5
2022-04-09,referral,paid,referral,32.12,40,8374,921,381.76,6,11,206,Mobile,Safari,2,3
2023-05-10,enterprisemarketingportal,none,direct,69.96,4509,3814,386,317.08,28,15,176,Mobile,Safari,5,5
2023-04-27,brightedge,paid,referral,45.46,9416,6045,286,985.38,9,20,151,Mobile,Safari,1,5
2021-09-10,referral,organic,organic,76.44,5165,1121,846,22.51,3,19,323,Mobile,Firefox,5,3
2023-08-03,referral,paid,direct,88.37,1125,1366,170,68.83,3,19,411,Mobile,Chrome,3,5
2023-01-24,brightedge,organic,organic,88.63,4057,8851,56,959.02,24,9,243,Desktop,Chrome,5,3
2022-03-19,google,none,chrome_launch_switch,2.51,1285,6259,459,145.08,2,11,318,Desktop,Safari,4,5
2022-02-20,google,organic,referral,45.92,1095,3795,553,715.56,7,5,436,Desktop,Safari,5,5
2023-08-17,referral,organic,organic,96.21,6559,8062,859,577.9,23,11,84,Mobile,Firefox,1,4
2024-01-01,brightedge,paid,referral,65.42,7535,5971,962,920.05,12,24,435,Mobile,Chrome,4,3
2021-07-21,enterprisemarketingportal,referral,referral,73.19,8486,4152,802,18.48,22,17,332,Desktop,Chrome,1,5
2023-03-11,enterprisemarketingportal,none,direct,98.02,5027,8243,367,510.55,16,6,142,Mobile,Firefox,1,5
2021-05-14,brightedge,referral,organic,88.05,5369,4615,964,283.71,2,23,403,Desktop,Safari,2,4
2021-09-09,enterprisemarketingportal,referral,direct,79.23,6680,7870,278,480.78,23,9,373,Mobile,Firefox,2,4
2021-08-13,enterprisemarketingportal,organic,organic,62.26,6120,2666,142,218.32,26,13,435,Desktop,Chrome,1,5
2023-12-09,google,referral,chrome_launch_switch,55.36,4198,1487,232,148.19,29,8,63,Desktop,Firefox,2,5
2023-08-17,referral,paid,chrome_launch_switch,94.1,2704,8021,208,238.94,1,12,139,Mobile,Chrome,4,5
2023-12-20,google,organic,chrome_launch_switch,89.15,1982,8958,529,818.67,28,7,213,Desktop,Firefox,4,4
2023-11-10,enterprisemarketingportal,paid,organic,56.65,7545,959,860,95.56,12,7,214,Mobile,Safari,4,3
2021-12-05,google,paid,organic,16.43,7651,4870,389,465.35,19,8,87,Mobile,Safari,2,3
2021-06-14,referral,none,direct,87.35,4928,2110,527,112.44,19,23,322,Desktop,Firefox,1,5
2023-01-12,referral,organic,direct,54.86,8164,2760,838,490.74,7,17,248,Desktop,Chrome,1,4
2022-11-12,google,paid,chrome_launch_switch,78.94,8856,7055,999,541.11,30,17,308,Mobile,Safari,2,4
2021-12-23,enterprisemarketingportal,referral,organic,71.71,1789,3698,986,503.32,15,6,411,Mobile,Firefox,1,3
2022-08-03,enterprisemarketingportal,none,organic,86.14,9450,5918,241,628.46,12,22,121,Mobile,Firefox,5,4
2023-09-16,enterprisemarketingportal,none,chrome_launch_switch,34.44,2731,1216,698,940.54,10,12,418,Desktop,Chrome,5,4
2021-02-16,google,referral,chrome_launch_switch,29.08,2196,436,681,188.33,9,6,304,Mobile,Safari,5,3
2023-04-16,brightedge,none,organic,5.4,4903,4371,747,314.02,4,22,281,Mobile,Firefox,1,5
2021-07-10,google,referral,direct,21.01,3577,2967,321,620.13,18,9,278,Mobile,Chrome,5,4
2021-11-24,google,organic,chrome_launch_switch,28.2,4386,7491,310,432.95,14,19,156,Desktop,Chrome,5,3
2021-10-17,referral,none,chrome_launch_switch,42.15,7862,993,46,691.62,3,21,294,Mobile,Chrome,3,4
2022-03-12,google,none,organic,54.76,1383,728,928,418.76,20,14,102,Mobile,Firefox,4,3
2022-06-12,enterprisemarketingportal,referral,direct,85.76,7058,5400,514,846.63,1,19,381,Mobile,Firefox,2,4
2023-02-01,google,referral,direct,3.99,1228,5318,299,837.09,30,11,306,Desktop,Safari,5,3
2021-07-14,google,none,organic,59.88,8803,5780,889,8.52,5,13,98,Mobile,Chrome,2,4
2021-04-12,google,referral,organic,6.21,2110,8042,908,958.65,6,5,333,Desktop,Firefox,5,4
2023-09-02,enterprisemarketingportal,none,organic,64.86,5358,4858,649,202.5,27,17,168,Mobile,Safari,4,3
2022-04-22,enterprisemarketingportal,referral,chrome_launch_switch,79.54,8472,4560,55,436.47,21,6,448,Desktop,Safari,2,5
2021-10-09,referral,none,chrome_launch_switch,44.49,1628,2412,249,153.58,28,25,208,Desktop,Chrome,3,4
2022-07-14,google,referral,direct,24.79,7282,1687,820,648.34,9,15,38,Mobile,Firefox,3,5
2023-08-04,referral,referral,referral,47.73,8308,5631,59,152.04,16,9,44,Mobile,Chrome,5,5
2021-07-26,enterprisemarketingportal,referral,referral,33.62,5458,382,72,311.43,9,11,240,Mobile,Safari,2,4
2022-06-07,google,none,referral,40.24,6421,1587,30,590.84,7,13,337,Desktop,Safari,5,5
2023-06-06,brightedge,paid,chrome_launch_switch,94.35,3297,1303,797,424.97,3,8,80,Desktop,Firefox,1,3
2023-09-10,google,none,direct,64.65,5781,1281,184,860.38,29,24,47,Desktop,Chrome,2,5
2023-07-12,referral,referral,organic,95.04,8081,1814,350,132.12,11,19,413,Desktop,Chrome,5,3
2022-05-01,google,none,referral,84.57,309,4408,604,948.68,27,13,30,Mobile,Safari,1,4
2023-12-22,google,organic,referral,72.84,456,5680,339,492.92,23,23,124,Desktop,Chrome,3,3
2021-04-13,brightedge,referral,direct,7.22,4352,742,750,487.89,10,25,423,Mobile,Chrome,5,4
2021-01-23,brightedge,organic,referral,3.08,3750,6841,680,963.41,17,12,364,Mobile,Chrome,4,4
2023-01-07,brightedge,organic,organic,31.58,4725,4685,606,644.35,3,7,235,Mobile,Chrome,5,5
2023-06-16,brightedge,organic,direct,27.22,9542,3364,355,931.68,3,11,84,Desktop,Safari,2,4
2021-07-01,enterprisemarketingportal,referral,direct,83.29,5555,3744,632,947.12,11,6,467,Desktop,Chrome,2,3
2022-10-22,enterprisemarketingportal,referral,chrome_launch_switch,41.53,6350,5984,383,769.31,22,25,137,Mobile,Safari,2,4
2023-11-20,google,organic,chrome_launch_switch,17.32,2895,4728,484,497.94,29,13,89,Mobile,Chrome,4,5
2023-12-11,google,none,chrome_launch_switch,32.0,6384,5384,310,825.96,30,17,346,Mobile,Safari,2,4
2023-01-08,google,organic,referral,99.54,1749,1333,775,80.7,9,23,204,Desktop,Chrome,1,4
2021-10-31,brightedge,paid,referral,41.87,2813,2947,291,537.93,17,5,351,Desktop,Firefox,2,4
2021-07-02,referral,none,referral,58.07,3229,4054,516,398.74,14,24,375,Mobile,Safari,1,5
2022-02-18,brightedge,paid,referral,47.91,2709,895,555,610.57,19,21,47,Mobile,Chrome,4,3
2023-10-06,google,organic,chrome_launch_switch,93.44,3360,4567,670,795.55,13,18,117,Desktop,Firefox,5,3
2022-05-14,google,organic,chrome_launch_switch,59.27,6243,7083,129,606.15,30,22,264,Desktop,Chrome,4,3
2023-11-13,google,paid,direct,5.05,5472,5011,61,4.98,15,8,472,Mobile,Firefox,5,3
2022-11-29,google,paid,organic,93.03,6217,8146,134,389.89,18,5,108,Mobile,Safari,1,3
2022-06-29,google,organic,organic,16.86,8718,7779,855,941.78,16,15,441,Mobile,Firefox,5,3
2021-02-04,brightedge,none,referral,59.57,5328,8539,218,686.23,17,22,458,Desktop,Chrome,5,3
2022-05-05,google,organic,direct,39.4,9036,4920,675,627.64,25,15,159,Desktop,Chrome,3,4
2023-07-06,enterprisemarketingportal,referral,chrome_launch_switch,9.52,4205,7487,83,541.85,28,19,195,Mobile,Chrome,3,5
2022-04-01,enterprisemarketingportal,none,direct,75.33,7984,7433,872,25.31,5,10,161,Mobile,Firefox,2,5
2022-04-22,enterprisemarketingportal,none,direct,53.63,6315,5267,910,618.47,20,20,206,Desktop,Chrome,5,3
2023-04-13,brightedge,none,organic,37.59,5807,2429,309,389.85,23,21,406,Mobile,Firefox,1,5
2021-03-18,enterprisemarketingportal,none,organic,34.22,3629,6510,55,961.51,22,8,162,Desktop,Firefox,1,4
2022-10-16,brightedge,organic,direct,38.1,8043,5632,764,860.48,19,24,253,Mobile,Chrome,1,3
2021-12-26,enterprisemarketingportal,organic,direct,35.37,8977,2131,125,681.72,22,18,217,Desktop,Firefox,2,4
2023-10-21,brightedge,referral,direct,99.1,5363,5521,602,835.32,10,25,411,Desktop,Chrome,5,3
2022-08-16,google,none,organic,54.64,7001,295,712,234.11,29,14,213,Mobile,Chrome,1,5
2023-09-07,google,organic,direct,54.15,1452,3847,405,472.18,5,23,457,Desktop,Firefox,2,3
2022-08-22,google,organic,direct,63.57,5515,1747,275,436.11,26,7,51,Desktop,Safari,4,3
2024-01-16,brightedge,paid,direct,90.81,1409,274,862,519.85,27,21,281,Mobile,Chrome,1,3
2022-12-23,referral,referral,referral,41.29,2395,5407,293,335.74,24,24,47,Mobile,Firefox,5,5
2021-02-21,google,organic,referral,14.66,5065,3362,276,766.87,5,25,344,Mobile,Chrome,2,3
2023-03-26,enterprisemarketingportal,paid,referral,2.61,2819,2012,227,198.43,22,22,221,Mobile,Chrome,1,4
2021-08-29,enterprisemarketingportal,referral,chrome_launch_switch,51.12,1447,1242,577,635.46,14,6,55,Desktop,Firefox,3,3
2023-08-26,referral,referral,organic,44.68,3005,1321,891,941.03,4,25,340,Desktop,Safari,5,4
2021-03-03,enterprisemarketingportal,none,referral,23.34,6207,5508,536,471.24,10,9,363,Mobile,Chrome,3,4
2022-01-13,google,organic,direct,95.02,2081,8410,543,489.52,26,16,305,Mobile,Firefox,1,3
2023-11-05,referral,referral,direct,84.02,857,3487,463,928.97,24,13,427,Desktop,Safari,2,3
2022-10-28,referral,referral,referral,74.78,6116,398,784,876.5,7,7,42,Desktop,Safari,1,5
2023-09-24,enterprisemarketingportal,referral,direct,42.95,9015,2522,370,498.47,22,12,264,Desktop,Safari,2,5
2023-11-20,brightedge,organic,chrome_launch_switch,54.83,1007,7177,120,895.79,16,11,401,Mobile,Firefox,4,3
2023-04-15,referral,organic,chrome_launch_switch,59.41,9940,650,612,434.28,19,11,223,Desktop,Safari,4,4
2023-09-06,google,organic,direct,35.26,4979,4625,165,507.88,23,14,173,Mobile,Chrome,5,4
2023-04-07,referral,none,referral,92.32,7913,3627,437,293.83,10,22,251,Desktop,Safari,1,3
2023-01-12,referral,referral,direct,89.7,8455,3970,923,626.82,6,16,89,Mobile,Safari,1,4
2023-05-21,enterprisemarketingportal,none,direct,47.05,7855,7425,216,788.92,22,19,140,Desktop,Safari,1,4
2023-12-24,brightedge,paid,organic,86.14,3690,5260,522,389.01,17,6,390,Mobile,Firefox,1,3
2022-04-23,google,referral,chrome_launch_switch,8.44,4507,8892,772,36.04,19,8,263,Desktop,Firefox,3,4
2023-12-28,brightedge,paid,referral,4.64,9100,7256,17,740.07,5,6,266,Desktop,Chrome,3,5
2021-01-25,enterprisemarketingportal,organic,chrome_launch_switch,27.49,984,7536,865,106.72,30,5,212,Mobile,Firefox,1,3
2022-01-07,referral,none,organic,3.65,1692,959,202,633.48,18,23,278,Mobile,Chrome,2,5
2023-05-12,google,referral,organic,56.26,9926,3573,887,137.67,27,10,42,Desktop,Firefox,4,5
2023-09-14,brightedge,referral,organic,46.34,3708,4929,730,118.21,16,14,391,Desktop,Chrome,2,4
2023-02-11,brightedge,none,organic,3.68,5519,1302,400,342.99,27,15,254,Desktop,Chrome,3,5
2021-09-19,google,organic,referral,81.91,4831,4205,925,733.55,4,6,73,Desktop,Safari,3,5
2023-05-30,brightedge,referral,organic,16.79,8461,846,803,422.46,28,22,64,Desktop,Firefox,3,4
2022-02-02,referral,referral,direct,60.91,3392,2976,260,446.49,6,11,336,Desktop,Firefox,5,5
2021-10-03,enterprisemarketingportal,organic,organic,98.41,3610,7678,595,298.18,17,25,183,Desktop,Chrome,3,3
2021-04-16,enterprisemarketingportal,none,organic,65.95,1023,7363,599,538.48,6,14,463,Desktop,Safari,4,4
2021-06-30,referral,organic,chrome_launch_switch,71.65,1382,8661,557,590.85,28,20,33,Mobile,Safari,3,5
2021-09-01,brightedge,organic,chrome_launch_switch,14.72,8034,1691,365,31.9,28,9,470,Desktop,Firefox,1,5
2021-09-04,google,none,organic,33.64,2925,6499,507,141.86,11,5,299,Mobile,Chrome,3,5
2022-06-18,brightedge,referral,referral,61.37,8192,1381,737,509.44,9,22,277,Mobile,Chrome,2,3
2022-07-23,enterprisemarketingportal,referral,direct,20.33,5784,2692,152,431.98,7,18,128,Mobile,Safari,3,3
2023-09-29,brightedge,none,referral,88.54,1424,3054,451,63.95,28,14,188,Mobile,Firefox,4,3
2023-07-30,brightedge,organic,chrome_launch_switch,12.08,7250,2181,180,890.22,26,21,78,Desktop,Firefox,5,4
2021-02-15,enterprisemarketingportal,paid,organic,18.1,8945,5304,140,248.79,16,6,273,Desktop,Firefox,1,4
2022-09-29,referral,paid,referral,94.51,8654,6013,824,953.99,10,11,468,Mobile,Chrome,5,4
2021-06-10,referral,organic,direct,94.13,2271,6431,343,534.39,15,16,235,Desktop,Chrome,1,5
2022-05-03,enterprisemarketingportal,organic,direct,84.08,9375,6327,212,914.55,6,7,149,Desktop,Firefox,3,4
2022-02-18,brightedge,paid,chrome_launch_switch,87.25,3100,5975,507,717.77,18,12,62,Desktop,Safari,5,4
2023-01-16,enterprisemarketingportal,organic,direct,29.08,7147,8709,724,344.59,6,19,336,Mobile,Chrome,3,4
2021-09-19,referral,none,direct,17.31,7691,3923,265,417.35,15,23,388,Mobile,Chrome,3,3
2021-11-19,referral,paid,organic,68.55,521,685,603,449.34,29,20,238,Desktop,Chrome,1,3
2021-05-03,enterprisemarketingportal,none,organic,50.54,8926,6743,112,151.96,6,17,290,Desktop,Firefox,3,5
2023-11-19,referral,none,organic,69.61,1299,1355,634,953.4,16,22,196,Desktop,Chrome,1,4
2021-11-04,enterprisemarketingportal,organic,referral,26.32,2102,5086,874,418.62,27,7,50,Desktop,Firefox,5,3
2022-03-10,referral,referral,referral,53.12,5227,2898,907,718.95,3,10,66,Desktop,Chrome,3,5
2022-09-10,google,none,chrome_launch_switch,82.83,1796,3440,724,293.4,29,17,223,Mobile,Firefox,5,3
2022-02-06,brightedge,referral,chrome_launch_switch,2.36,1372,7624,704,837.73,29,9,435,Desktop,Chrome,2,3
2023-09-26,brightedge,none,referral,97.84,731,6297,606,974.21,17,10,99,Desktop,Firefox,4,3
2023-04-08,google,organic,referral,52.4,5076,7974,543,688.44,29,21,224,Mobile,Chrome,1,5
2023-02-26,brightedge,organic,chrome_launch_switch,88.08,8329,4924,832,425.64,6,22,395,Desktop,Firefox,3,3
2021-08-24,google,referral,referral,79.39,9328,7599,809,998.67,26,24,206,Mobile,Firefox,4,3
2023-03-30,brightedge,paid,referral,87.62,493,8238,898,584.43,25,6,159,Desktop,Firefox,1,5
2021-03-07,brightedge,paid,chrome_launch_switch,57.7,1241,4328,874,359.63,16,25,269,Mobile,Chrome,4,4
2021-11-16,brightedge,referral,organic,51.73,7101,953,831,989.9,3,18,171,Desktop,Chrome,2,4
2021-06-21,brightedge,none,organic,29.49,812,8634,5,745.81,11,23,354,Mobile,Safari,2,3
2022-05-25,enterprisemarketingportal,organic,direct,3.94,982,8168,79,935.2,8,11,304,Mobile,Chrome,2,5
2024-01-19,google,paid,direct,4.01,9645,981,249,292.92,15,20,254,Mobile,Chrome,2,5
2023-01-31,brightedge,none,referral,22.67,4890,5357,418,765.03,19,15,242,Desktop,Safari,1,3
2024-01-15,referral,none,organic,47.83,5471,5717,769,491.45,7,15,171,Mobile,Safari,1,5
2022-10-26,enterprisemarketingportal,none,direct,20.69,7005,4031,134,217.98,20,8,149,Desktop,Safari,2,3
2021-05-31,google,organic,chrome_launch_switch,70.27,6571,723,276,655.16,3,12,142,Mobile,Chrome,2,3
2023-10-29,referral,paid,chrome_launch_switch,56.86,7432,7696,365,671.44,13,12,412,Mobile,Firefox,2,3
2021-04-18,referral,referral,organic,5.7,7810,8948,805,504.94,27,17,54,Mobile,Firefox,5,4
2023-09-10,referral,organic,referral,78.1,674,7978,553,232.11,22,6,292,Mobile,Chrome,1,3
2022-01-27,brightedge,referral,chrome_launch_switch,39.69,6638,8569,74,353.33,26,6,395,Mobile,Firefox,1,3
2023-04-21,brightedge,referral,organic,46.19,5440,5918,835,93.46,4,21,204,Mobile,Chrome,3,3
2022-05-18,referral,organic,referral,96.61,6272,7584,923,381.51,9,13,358,Mobile,Safari,1,5
2022-09-25,brightedge,referral,organic,62.87,3224,119,752,292.12,7,8,150,Mobile,Chrome,1,3
2023-09-15,enterprisemarketingportal,none,chrome_launch_switch,23.66,6181,1686,118,366.17,26,11,133,Mobile,Firefox,4,3
2022-05-04,brightedge,paid,referral,98.96,2797,5874,51,831.56,28,9,305,Mobile,Safari,2,5
2023-10-01,enterprisemarketingportal,referral,direct,39.06,4055,1770,29,886.48,18,7,453,Desktop,Firefox,4,5
2022-01-06,referral,organic,organic,40.79,1054,6590,285,664.74,7,24,204,Desktop,Firefox,2,5
2021-10-10,brightedge,referral,referral,77.23,4746,8251,390,122.19,16,19,54,Mobile,Chrome,5,5
2023-07-13,brightedge,organic,chrome_launch_switch,55.84,6302,6300,660,14.36,3,13,440,Mobile,Safari,4,4
2021-07-15,brightedge,organic,chrome_launch_switch,92.21,2669,2177,353,318.04,29,25,155,Mobile,Safari,2,3
2023-03-25,google,none,organic,47.59,8523,144,956,338.43,20,14,258,Desktop,Chrome,1,4
2021-05-19,brightedge,none,direct,21.8,1041,985,622,636.91,20,23,32,Mobile,Firefox,1,5
2023-10-07,brightedge,paid,referral,58.58,4854,5975,683,780.95,6,11,279,Mobile,Firefox,2,4
2023-12-27,enterprisemarketingportal,referral,referral,51.76,2983,8355,666,8.63,17,8,457,Desktop,Safari,3,4
2021-09-26,enterprisemarketingportal,organic,organic,39.11,6236,766,447,222.61,30,17,356,Desktop,Chrome,4,3
2022-09-22,referral,referral,chrome_launch_switch,38.28,4594,5952,205,409.03,14,6,342,Mobile,Safari,3,4
2023-10-29,brightedge,none,chrome_launch_switch,76.91,135,8517,178,648.67,29,6,226,Mobile,Chrome,2,4
2022-01-31,brightedge,none,chrome_launch_switch,3.8,2285,4171,755,265.06,5,12,75,Mobile,Firefox,4,3
2023-08-27,referral,paid,direct,74.09,2571,3242,583,599.83,12,14,469,Desktop,Safari,1,3
2022-02-16,referral,paid,chrome_launch_switch,45.76,9358,4074,311,678.98,14,5,84,Mobile,Chrome,4,5
2021-12-10,brightedge,organic,organic,38.99,9193,6825,177,546.6,9,9,371,Desktop,Chrome,2,3
2022-08-08,brightedge,organic,chrome_launch_switch,68.85,6254,3638,658,397.62,13,10,414,Mobile,Safari,4,3
2022-02-04,google,paid,organic,80.82,1205,6826,588,551.47,4,10,351,Mobile,Chrome,4,5
2023-07-10,google,paid,organic,39.01,3979,6597,783,344.77,2,14,324,Desktop,Chrome,3,3
2022-06-21,google,organic,organic,63.59,2425,8152,124,677.2,7,6,81,Desktop,Chrome,3,4
2024-01-06,referral,organic,organic,99.39,7358,6443,416,174.43,19,12,284,Mobile,Firefox,3,5
2022-07-23,referral,none,direct,61.91,9231,758,263,145.18,16,25,36,Desktop,Firefox,3,5
2022-12-20,google,referral,organic,12.52,8096,246,249,61.25,11,22,387,Mobile,Chrome,4,5
2023-09-11,enterprisemarketingportal,referral,chrome_launch_switch,46.78,4334,5927,565,276.23,1,24,364,Desktop,Chrome,3,4
2022-03-31,referral,referral,chrome_launch_switch,85.44,389,7684,229,183.35,9,19,123,Mobile,Firefox,1,5
2021-09-21,google,referral,referral,77.31,7601,7429,357,354.3,9,19,173,Mobile,Firefox,3,5
2021-04-21,referral,organic,organic,93.63,5447,1251,2,941.13,18,6,59,Mobile,Safari,5,3
2022-01-13,brightedge,referral,referral,33.04,3646,2335,264,571.4,29,19,262,Desktop,Safari,5,5
2021-09-11,enterprisemarketingportal,referral,organic,83.29,3485,6894,970,616.4,24,19,79,Desktop,Chrome,2,3
2021-12-19,brightedge,paid,chrome_launch_switch,38.67,6715,5534,811,120.66,24,22,248,Mobile,Firefox,2,4
2022-03-10,referral,none,referral,67.86,9275,1888,909,759.64,14,7,223,Desktop,Chrome,5,5
2024-01-06,enterprisemarketingportal,paid,referral,22.12,8824,1762,786,601.52,10,12,390,Mobile,Chrome,2,5
2021-06-05,google,referral,organic,83.44,5698,242,777,751.58,27,18,382,Desktop,Safari,2,5
2021-04-05,referral,none,direct,76.55,4450,7696,980,967.85,4,13,437,Desktop,Firefox,1,4
2021-07-13,referral,referral,chrome_launch_switch,77.08,6730,2275,799,364.63,20,6,111,Mobile,Chrome,4,5
2023-01-28,enterprisemarketingportal,referral,organic,88.97,8854,889,258,994.43,30,12,470,Mobile,Firefox,2,5
2023-03-11,referral,referral,referral,85.64,5591,5197,605,377.0,1,22,441,Desktop,Chrome,4,4
2021-05-20,referral,paid,chrome_launch_switch,60.13,8162,890,740,607.99,9,17,466,Desktop,Safari,4,3
2021-09-19,google,organic,referral,16.85,353,3500,608,655.26,6,5,324,Mobile,Firefox,2,5
2021-09-05,referral,paid,direct,76.69,7872,1535,283,669.32,28,5,330,Desktop,Firefox,5,5
2023-07-20,brightedge,organic,organic,63.42,9437,4213,200,20.96,15,17,464,Mobile,Firefox,3,4
2023-11-12,google,referral,direct,46.41,4001,5266,451,730.88,26,11,391,Mobile,Safari,4,5
2022-05-31,referral,organic,chrome_launch_switch,48.14,7979,8486,713,23.35,12,18,447,Mobile,Safari,1,4
2022-11-16,google,referral,organic,44.29,7182,5127,339,936.15,8,18,303,Mobile,Safari,3,3
2021-05-19,brightedge,referral,referral,40.04,4389,131,899,193.32,19,18,425,Mobile,Chrome,5,5
2021-07-07,brightedge,organic,chrome_launch_switch,50.86,704,2347,218,807.84,23,23,335,Desktop,Safari,2,3
2021-09-13,referral,referral,chrome_launch_switch,24.88,1541,8724,359,293.22,22,23,422,Mobile,Safari,4,4
2021-06-18,brightedge,organic,direct,18.1,5494,4207,503,169.06,2,24,217,Desktop,Safari,4,3
2023-01-04,brightedge,paid,chrome_launch_switch,37.31,3198,1081,546,240.26,3,8,280,Desktop,Firefox,4,5
2022-04-12,referral,paid,organic,38.2,2399,2872,501,635.92,21,22,410,Desktop,Chrome,4,5
2021-04-24,enterprisemarketingportal,referral,chrome_launch_switch,50.39,565,8913,420,563.54,12,20,257,Desktop,Firefox,1,4
2021-09-26,referral,none,direct,27.94,6779,5669,577,771.31,7,16,416,Mobile,Safari,2,4
2021-03-18,enterprisemarketingportal,paid,organic,28.66,7655,3242,505,680.26,10,11,190,Desktop,Firefox,1,3
2021-03-15,google,referral,direct,46.6,3631,7023,164,867.91,4,18,441,Mobile,Chrome,4,5
2021-07-24,referral,none,referral,25.75,5641,6952,394,642.18,9,20,318,Desktop,Chrome,1,3
2021-02-28,brightedge,organic,direct,82.19,2572,6102,589,613.54,17,11,343,Mobile,Chrome,3,4
2022-06-09,enterprisemarketingportal,paid,direct,28.9,7831,4511,786,550.25,17,25,133,Desktop,Firefox,1,5
2022-11-14,google,paid,direct,33.47,2515,3987,524,891.95,4,22,155,Desktop,Safari,1,3
2023-03-16,referral,paid,referral,42.67,5538,2404,952,886.79,15,8,72,Mobile,Chrome,2,5
2023-03-23,brightedge,referral,direct,58.05,7561,4214,392,168.35,30,6,175,Mobile,Safari,5,3
2021-10-26,brightedge,referral,referral,46.08,6131,3944,121,690.51,6,14,405,Desktop,Safari,5,3
2023-10-07,google,paid,direct,91.78,5779,8041,926,513.52,26,25,267,Mobile,Safari,1,5
2022-07-18,enterprisemarketingportal,none,chrome_launch_switch,77.84,8742,3138,91,108.44,12,17,377,Mobile,Safari,4,3
2023-05-30,referral,referral,direct,29.58,615,4700,187,544.14,23,12,372,Mobile,Safari,2,3
2022-09-03,google,organic,direct,75.5,2650,3280,719,927.15,28,24,319,Desktop,Chrome,2,5
2023-03-25,google,none,chrome_launch_switch,68.06,4369,887,196,469.16,5,12,181,Desktop,Safari,4,5
2023-10-30,google,paid,chrome_launch_switch,96.17,9470,1614,256,859.78,21,10,317,Desktop,Safari,5,3
2021-12-30,brightedge,referral,organic,51.44,2887,3936,319,394.91,17,16,137,Mobile,Chrome,1,5
2021-05-21,google,organic,chrome_launch_switch,28.33,7692,3364,856,217.84,10,11,342,Mobile,Chrome,3,4
2023-12-31,google,none,direct,43.48,4204,7058,419,227.86,10,16,233,Desktop,Firefox,3,3
2023-10-03,referral,referral,organic,52.36,3554,1882,858,446.61,19,19,306,Desktop,Safari,3,5
2022-06-21,enterprisemarketingportal,paid,referral,97.64,9344,2367,165,992.93,25,16,68,Mobile,Firefox,4,4
2022-02-25,google,none,chrome_launch_switch,11.68,9801,5345,349,184.38,27,19,294,Desktop,Safari,1,5
2023-06-06,google,paid,organic,73.14,1607,4837,244,277.99,5,22,425,Desktop,Firefox,5,3
2023-05-18,referral,paid,referral,32.84,2757,1717,310,836.08,27,17,413,Desktop,Chrome,5,5
2021-11-23,brightedge,none,referral,33.56,2878,8721,261,369.96,15,23,43,Desktop,Chrome,4,5
2021-01-28,referral,organic,organic,52.0,7146,7698,380,683.26,18,12,50,Desktop,Chrome,5,4
2021-11-08,referral,none,chrome_launch_switch,94.79,1642,6053,529,790.01,11,19,476,Mobile,Firefox,3,3
2023-02-01,google,organic,chrome_launch_switch,17.28,5457,7607,341,450.15,8,16,54,Mobile,Chrome,2,3
2021-08-17,enterprisemarketingportal,paid,referral,21.38,4578,2670,948,362.96,23,21,346,Desktop,Chrome,5,5
2024-01-07,enterprisemarketingportal,referral,chrome_launch_switch,93.42,8525,6940,239,98.58,30,20,342,Desktop,Firefox,3,4
2022-04-26,brightedge,organic,chrome_launch_switch,34.44,4560,841,823,979.18,4,18,449,Desktop,Firefox,1,3
2022-11-25,enterprisemarketingportal,paid,referral,92.46,1545,4297,762,423.01,15,9,138,Desktop,Safari,2,5
2022-08-30,brightedge,none,chrome_launch_switch,43.15,1573,268,347,175.94,20,6,305,Desktop,Safari,1,5
2023-09-03,brightedge,organic,organic,21.02,1267,3497,27,92.47,30,12,463,Desktop,Firefox,2,3
2021-11-30,enterprisemarketingportal,none,direct,61.3,7992,2470,195,598.92,12,6,199,Mobile,Firefox,1,5
2023-05-31,brightedge,paid,referral,29.0,1134,7502,913,769.29,14,14,297,Desktop,Safari,3,4
2023-03-29,brightedge,organic,direct,23.66,7689,5919,771,102.83,11,7,64,Mobile,Firefox,1,3
2021-06-15,enterprisemarketingportal,organic,organic,28.19,6969,1543,95,448.43,21,21,38,Mobile,Chrome,1,5
2023-02-01,referral,paid,organic,2.47,9654,2329,709,372.94,7,7,270,Desktop,Firefox,1,4
2023-01-09,brightedge,none,organic,67.73,3378,8847,531,219.33,18,14,239,Desktop,Firefox,5,3
2022-06-23,enterprisemarketingportal,none,referral,47.79,7358,7823,566,31.6,2,19,325,Desktop,Chrome,2,5
2022-12-06,brightedge,none,organic,15.98,8452,4662,77,358.65,26,6,396,Desktop,Safari,3,4
2021-06-21,enterprisemarketingportal,paid,referral,47.12,3070,6410,994,778.22,11,15,112,Desktop,Firefox,2,5
2022-04-02,brightedge,none,referral,59.49,6175,7141,206,960.04,7,25,145,Mobile,Chrome,5,3
2021-10-04,google,paid,chrome_launch_switch,83.89,812,4071,676,269.87,11,22,120,Mobile,Safari,2,5
2021-07-11,enterprisemarketingportal,referral,organic,19.94,542,4691,973,22.2,13,21,110,Mobile,Safari,3,3
2022-09-25,enterprisemarketingportal,none,chrome_launch_switch,22.49,3380,1332,382,377.71,2,5,298,Mobile,Safari,2,5
2021-12-07,google,organic,referral,54.14,9598,6047,18,358.82,19,19,350,Desktop,Safari,1,3
2021-06-15,referral,referral,direct,68.58,7705,7967,801,708.69,26,17,463,Mobile,Firefox,4,4
2022-03-12,brightedge,referral,referral,61.88,662,2722,206,675.86,24,12,90,Desktop,Safari,2,3
2021-04-13,referral,paid,direct,78.83,6978,2101,707,748.72,22,23,95,Desktop,Safari,2,5
2021-08-17,google,organic,chrome_launch_switch,71.99,1790,7497,169,31.89,23,25,277,Mobile,Chrome,5,5
2023-03-01,referral,none,referral,25.11,5277,6491,961,40.35,16,18,233,Desktop,Safari,3,4
2023-08-17,referral,none,direct,69.75,4686,503,757,835.56,28,17,179,Desktop,Chrome,4,4
2022-02-24,enterprisemarketingportal,referral,organic,26.03,6355,4496,349,120.31,7,23,335,Desktop,Firefox,2,5
2021-02-10,google,organic,chrome_launch_switch,18.18,4828,7167,253,347.9,16,14,103,Mobile,Firefox,4,4
2022-05-16,google,organic,chrome_launch_switch,72.64,2285,3022,883,603.77,23,5,126,Desktop,Chrome,1,4
2023-11-23,enterprisemarketingportal,paid,referral,15.86,4604,7429,207,511.02,20,23,228,Mobile,Firefox,4,5
2022-02-16,brightedge,referral,direct,50.35,1489,634,515,728.6,10,7,258,Mobile,Chrome,5,5
2024-01-16,referral,none,organic,75.03,4421,7446,449,496.34,27,23,121,Mobile,Safari,4,3
2021-02-26,google,paid,chrome_launch_switch,6.31,2471,1983,437,784.19,12,13,323,Desktop,Safari,5,3
2022-06-24,brightedge,paid,direct,96.7,3492,1311,656,205.12,14,21,224,Desktop,Chrome,4,4
2021-06-03,google,organic,referral,80.7,6466,4871,736,486.87,19,20,176,Mobile,Safari,3,4
2023-09-05,google,organic,referral,28.06,5821,336,790,445.93,5,20,311,Mobile,Chrome,3,4
2023-06-23,brightedge,paid,referral,74.08,2263,8436,101,742.69,1,24,119,Desktop,Safari,3,4
2023-03-16,google,paid,referral,89.27,3845,6661,242,549.14,8,7,243,Desktop,Chrome,5,4
2021-04-16,brightedge,none,direct,30.61,6558,7443,350,366.37,17,23,106,Desktop,Safari,1,4
2023-03-23,enterprisemarketingportal,organic,direct,8.28,8990,6226,769,117.96,2,7,193,Mobile,Safari,5,3
2022-09-30,brightedge,paid,direct,44.49,1370,8009,471,897.03,24,12,357,Mobile,Safari,3,5
2021-03-24,google,organic,referral,49.18,9811,6045,320,953.42,30,12,280,Desktop,Chrome,3,4
2023-01-23,brightedge,referral,referral,39.74,7178,4705,730,65.94,6,13,100,Desktop,Firefox,5,4
2021-11-12,brightedge,referral,direct,80.63,3962,789,263,574.99,16,24,144,Mobile,Firefox,1,3
2023-08-19,referral,paid,organic,28.31,1879,5705,354,585.83,19,10,236,Desktop,Chrome,2,3
2021-11-07,google,organic,organic,65.9,1470,6475,41,13.92,15,17,364,Mobile,Safari,2,3
2021-03-30,enterprisemarketingportal,referral,referral,35.78,1925,5104,504,739.64,6,16,257,Mobile,Safari,2,3
2022-09-06,brightedge,organic,referral,67.23,9689,3514,449,168.72,2,8,300,Desktop,Firefox,4,4
2021-07-18,google,organic,chrome_launch_switch,29.28,9008,1985,225,257.87,22,14,147,Desktop,Chrome,3,5
2021-12-10,enterprisemarketingportal,referral,chrome_launch_switch,40.16,7550,1935,924,792.49,11,23,389,Mobile,Firefox,4,5
2022-01-05,referral,organic,organic,20.83,8368,3896,741,709.69,14,10,442,Mobile,Chrome,2,5
2021-04-26,brightedge,organic,organic,45.69,6882,6103,414,292.61,18,25,66,Desktop,Safari,4,4
2021-02-25,google,organic,direct,41.93,6124,827,843,927.6,29,16,393,Desktop,Chrome,3,3
2021-09-26,enterprisemarketingportal,paid,chrome_launch_switch,10.06,2482,262,746,677.53,19,8,284,Mobile,Safari,3,3
2022-02-09,enterprisemarketingportal,none,chrome_launch_switch,84.9,5798,2094,84,342.27,7,8,461,Mobile,Chrome,3,5
2022-12-01,referral,paid,organic,13.21,853,7329,400,63.86,2,19,459,Desktop,Chrome,4,5
2023-10-08,google,referral,organic,17.12,5097,7626,969,93.66,15,23,170,Desktop,Chrome,1,4
2021-12-11,google,referral,chrome_launch_switch,60.06,6391,5806,662,633.65,5,23,114,Desktop,Safari,4,4
2021-06-12,google,organic,referral,5.14,2295,4784,458,197.65,13,17,187,Mobile,Safari,5,4
2022-06-25,referral,none,referral,61.67,7804,6621,35,694.33,19,9,282,Desktop,Chrome,3,5
2022-03-03,enterprisemarketingportal,organic,direct,56.77,8243,5395,746,350.12,28,20,160,Mobile,Firefox,3,5
2023-08-20,enterprisemarketingportal,paid,organic,8.11,3486,2522,948,741.91,8,8,136,Desktop,Chrome,3,5
2023-07-31,brightedge,organic,chrome_launch_switch,60.66,4803,8797,4,120.68,7,16,236,Desktop,Firefox,4,5
2022-10-15,referral,referral,referral,77.58,5709,5546,129,758.35,16,24,392,Desktop,Firefox,2,5
2021-11-26,enterprisemarketingportal,referral,chrome_launch_switch,35.23,9976,8022,589,131.2,10,21,416,Mobile,Safari,3,3
2021-07-28,enterprisemarketingportal,referral,organic,16.81,7672,2715,199,855.6,25,5,162,Mobile,Firefox,3,5
2021-05-23,enterprisemarketingportal,paid,chrome_launch_switch,24.69,523,13,735,618.1,17,20,155,Mobile,Safari,1,3
2021-10-02,enterprisemarketingportal,referral,organic,63.59,1374,4707,374,728.57,16,21,92,Mobile,Chrome,5,5
2023-03-20,brightedge,paid,chrome_launch_switch,80.86,4542,3976,789,52.28,26,13,52,Mobile,Safari,2,4
2022-01-09,enterprisemarketingportal,paid,direct,37.79,9253,8120,675,624.98,18,21,63,Desktop,Chrome,1,5
2022-05-23,referral,referral,direct,76.7,7933,6826,787,444.24,6,9,175,Desktop,Safari,4,5
2023-09-23,enterprisemarketingportal,organic,chrome_launch_switch,12.06,9677,2830,245,205.88,8,5,445,Mobile,Chrome,4,3
2022-01-03,google,none,referral,60.08,9486,2352,129,40.93,17,13,176,Mobile,Firefox,5,4
2022-10-18,referral,referral,direct,49.3,8860,8729,295,73.11,20,11,311,Desktop,Safari,5,5
2021-05-29,google,organic,organic,53.63,4347,2375,739,866.09,3,9,116,Desktop,Firefox,2,5
2023-04-22,enterprisemarketingportal,none,referral,23.59,1726,8693,421,65.26,9,19,351,Mobile,Safari,3,4
2022-04-29,google,referral,direct,83.78,9120,717,738,445.52,8,11,160,Mobile,Safari,3,3
2023-01-27,google,referral,direct,35.88,5956,4642,523,41.59,21,12,448,Desktop,Firefox,3,4
2021-02-10,enterprisemarketingportal,referral,referral,66.52,1835,7925,72,769.45,29,13,193,Mobile,Firefox,1,5
2022-11-15,enterprisemarketingportal,organic,direct,50.95,6330,874,3,730.02,2,16,189,Mobile,Safari,1,3
2022-07-05,google,referral,direct,45.94,8926,6780,57,246.59,15,24,157,Desktop,Safari,3,3
2022-09-11,brightedge,none,organic,3.95,3516,1563,67,312.13,5,21,435,Desktop,Safari,4,3
2021-11-11,referral,none,referral,67.45,5998,4256,32,536.71,24,23,128,Desktop,Chrome,2,4
2023-06-09,brightedge,referral,referral,21.56,1931,6619,203,49.26,23,21,273,Desktop,Firefox,3,5
2021-07-18,referral,referral,chrome_launch_switch,26.26,8026,2233,621,568.39,22,11,269,Mobile,Chrome,5,5
2021-01-28,referral,paid,referral,38.82,2182,8320,349,187.12,4,10,319,Mobile,Chrome,3,4
2021-04-06,enterprisemarketingportal,paid,direct,13.27,2881,6112,133,912.64,11,20,120,Desktop,Safari,1,4
2022-01-19,enterprisemarketingportal,referral,direct,65.43,4842,2276,345,52.07,5,23,122,Desktop,Safari,4,3
2022-11-02,referral,organic,chrome_launch_switch,60.05,3794,4366,218,443.8,23,21,306,Mobile,Chrome,5,5
2023-04-23,brightedge,none,chrome_launch_switch,67.99,9147,968,964,415.35,30,24,345,Desktop,Chrome,5,4
2021-12-18,enterprisemarketingportal,paid,organic,18.66,6044,1984,775,540.0,17,14,80,Desktop,Safari,4,3
2023-06-30,google,organic,chrome_launch_switch,14.66,4206,7318,179,25.23,1,8,198,Mobile,Chrome,5,5
2021-07-31,brightedge,paid,referral,76.83,1886,8781,425,483.41,4,16,301,Desktop,Firefox,5,3
2022-08-21,referral,organic,chrome_launch_switch,89.63,8481,4259,421,404.12,21,9,467,Desktop,Safari,4,4
2023-12-12,enterprisemarketingportal,none,chrome_launch_switch,21.54,2270,2378,264,581.57,9,21,150,Desktop,Safari,2,3
2021-12-15,referral,paid,chrome_launch_switch,64.21,6258,7179,515,93.81,26,23,183,Desktop,Firefox,2,5
2021-03-31,brightedge,paid,organic,2.83,2501,6961,842,485.92,28,15,158,Mobile,Firefox,2,4
2022-09-19,enterprisemarketingportal,paid,referral,35.33,3796,8170,366,445.9,12,24,393,Mobile,Chrome,5,3
2022-07-10,referral,organic,chrome_launch_switch,71.51,5896,1078,947,189.52,4,22,88,Desktop,Chrome,4,3
2021-12-31,enterprisemarketingportal,none,chrome_launch_switch,85.92,1090,4185,205,822.31,11,21,254,Desktop,Chrome,1,5
2022-07-14,enterprisemarketingportal,organic,direct,97.06,6089,6841,564,352.14,2,12,425,Mobile,Chrome,3,5
2021-05-14,brightedge,organic,chrome_launch_switch,37.2,4710,6385,527,127.88,27,22,249,Desktop,Chrome,4,5
2021-09-05,referral,referral,chrome_launch_switch,93.7,6852,5291,717,746.7,22,20,226,Desktop,Chrome,4,5
2022-04-23,referral,none,referral,80.75,2645,1699,73,723.47,27,25,266,Mobile,Chrome,3,4
2023-01-17,referral,referral,direct,22.45,8359,7214,886,340.49,10,8,365,Mobile,Safari,1,4
2023-08-19,google,referral,organic,8.78,1372,3831,684,591.25,27,21,58,Desktop,Firefox,5,5
2023-09-04,google,referral,referral,66.21,4885,4579,169,467.34,15,7,190,Desktop,Firefox,2,4
2023-10-31,google,organic,organic,94.46,6978,4150,123,849.47,2,16,271,Desktop,Safari,4,4
2022-01-26,referral,referral,organic,52.61,7670,4896,429,274.62,18,11,195,Mobile,Firefox,5,3
2021-12-20,brightedge,organic,chrome_launch_switch,71.35,4290,2896,58,188.8,12,13,377,Desktop,Safari,3,3
2023-01-02,brightedge,organic,direct,46.13,3643,8153,987,718.09,28,20,438,Mobile,Chrome,4,4
2022-01-13,enterprisemarketingportal,organic,referral,87.84,9828,606,417,974.44,7,18,161,Desktop,Chrome,3,4
2021-05-23,referral,paid,chrome_launch_switch,73.53,7238,731,379,572.19,7,5,356,Desktop,Chrome,3,4
2023-12-14,google,referral,direct,67.99,8093,1813,758,396.93,8,16,450,Desktop,Chrome,4,4
2023-01-07,enterprisemarketingportal,paid,chrome_launch_switch,52.8,2728,8829,983,573.83,19,15,297,Desktop,Safari,5,5
2023-03-24,google,none,referral,6.39,3797,4764,728,691.23,2,22,209,Desktop,Safari,4,3
2022-09-30,brightedge,organic,chrome_launch_switch,74.65,1983,1642,530,133.12,11,24,392,Desktop,Safari,4,3
2021-03-29,brightedge,organic,referral,56.41,2563,3980,712,415.63,19,13,111,Desktop,Chrome,4,3
2021-04-02,brightedge,paid,chrome_launch_switch,57.11,7311,7217,109,411.76,27,8,93,Mobile,Firefox,1,3
2022-11-12,referral,referral,referral,50.84,710,6884,250,561.61,12,13,393,Mobile,Firefox,2,5
2022-06-05,enterprisemarketingportal,none,referral,81.7,6577,6775,147,342.27,28,6,168,Desktop,Firefox,3,4
2022-11-17,enterprisemarketingportal,organic,direct,34.83,5877,8127,333,208.27,11,24,324,Mobile,Safari,3,3
2021-02-25,referral,organic,organic,33.3,4159,6084,613,143.12,20,13,127,Mobile,Firefox,5,3
2023-02-07,brightedge,organic,chrome_launch_switch,41.46,5367,8344,486,183.05,19,24,168,Desktop,Firefox,1,4
2023-08-20,referral,referral,referral,74.12,2989,2356,183,906.9,27,20,469,Desktop,Safari,5,5
2023-12-04,google,none,referral,76.12,8681,6283,914,191.76,24,10,181,Desktop,Firefox,2,5
2021-10-12,google,paid,referral,97.95,5781,6339,497,608.05,14,6,220,Mobile,Chrome,2,3
